ano,texto,notas,nota_final,pred_C1,pred_C2,pred_C3,pred_C4,pred_C5,nota_final_predita
2018,"Liberdade na Internet

No século XXI, a sociedade está cada vez mais conectada, as notícias circulam com uma velocidade impressionante e vêm atingindo um número cada vez maior de pessoas. Mesmo com toda essa tecnologia, será que os internautas estão cientes de todas as informações disponíveis na Rede? Não! Pois o comportamento deles é manipulado pelo controle de dados da internet.

Nos aplicativos e sites mais visitados, ocorrer uma filtragem de dados a partir das sinalizações daqueles que usaram o sistema. Ou seja, a partir do seu comportamento on--line, um algoritmo vai definir o que é mais adequado para que o usuário veja, isso é feito a partir de pequenas mudanças nas páginas que são expostas para ele. Como consequência disso, acaba ocorrendo a diminuição do acesso à informações relevantes para o conhecimento geral.

Atualmente, 94,2% das pessoas destinam seu acesso à internet para enviar ou receber imagens e mensagens por plataformas diferentes do e-mail. A exemplo disso há o aplicativos Instagram, que é uma rede social em que, além de ver as publicações das pessoas que você segue, é possível visitar a sessão ""explorar"", em que o usuário explora diversas postagens que foram filtradas a partir do perfis e fotos que você visitou ou curtiu. Isso mostra como funciona a manipulação de dados na Rede, pois foram expostas as publicações em que a máquina ""julgou"" como importante. Limitando, assim, o conteúdo exibido e diminuindo a possibilidade de conhecimento de outras áreas dora da ""bolha social"" que o internauta vive

Portanto, é preciso que os sites e os aplicativos, em geral, exibam o conteúdo de forma mais variada possível, permitindo que o usuário tenha acesso às inofrmações dos mais diversos assuntos. Dessa forma, a internet vai se configurar um espaço em que a pessoa é quem possui liberdade de escolha e poder de decisão sobre o que vai ser pesquisado","[120, 120, 160, 160, 160]",720.0,160,200,160,160,160,840
2018,"O compartilhamento de dados na internet é algo muito presente na sociedade brasileira. Devido a isso, diversos usuários são manipulados pela exposição de seus dados nesse meio, pois, muitas vezes, empresas usam esses dados para decidir quais anúncios devem exibir ao usuário.

Embora coisas como testes de personalidade possam parecer ""inofensivas"", grande parte delas vendem informações para empresas de anúncios. Essas empresas podem, sutilmente, exibir anúncios que influenciarão as escolhas e opiniões dos usuários.

Diversos usuários, quando fazem uma busca pela internet, geram dados que, muitas vezes são utilizados para auxiliar suas futuras buscas. Alguns sites pagam para serem indicados com maior frequência nas próximas buscas desses usuários, os induzindo a acessar esse site.

Portanto, deve-se tomar cuidado com tudo que é feito na internet, pois diversos usuários são manipulados pela exposição de seus dados. O governo deve promover palestras e debates para conscientizar a população sobre os riscos de navegar pela internet e como se prevenir deles.","[160, 120, 120, 140, 140]",680.0,160,200,160,160,120,800
2023,"A Constituição Federal de 1988, norma de maior valor jurídico nacional, declara, em seu artigo 5º, que todos os cidadãos são iguais perante a lei, sem distinção de direitos. Entretanto, não é possível observar tal isonomia sendo assegurada no Brasil, haja vista os desafios enfrendatos pelas mulheres no trabalho de cuidade. Logo, faz-se necessário analisar a irracionalidade da população quanto ao assunto e a omissão midiática como os principais imbróglios enfrentados por tais mulheres.

A princípio, conforme o conceito de ""Banalidade do mal"", cunhado pela filósofa Hannah Arendt, quando uma atitude hostil ocorre constantemente, a sociedade passa a vê-la como banal. Dessa modo, isso evidencia a irracionalidade acerca da invisibilização das mulheres, que realizam os trabalhos de cuidado no Brasil, configurando a naturalização da maldade que, para Arendt, acontece quando não não há reflexão dos males ao redor dos indivíduos. Nesse viés, a população normalizou a falta de políticas públicas que asseguram os direitos das mulheres cuidadoreas, como criação do piso salarial para essa profissão além do aumento do investimentp em fiscalização de locais de trabalho que contam com a presença dessas mulheres, como hospitais e casas de cuidado com a terceira idade, a fim de salvaguardar seus direitos trabalhistas, por exemplo, carteira assinada e remuneração regularizada. Consequentemente, muitas brasileiras cuidadoras vivem em situações degradantes, como a presença de  condições laborais precárias que ferem seus direitos como empregadas cidadãs

Ademais, de acordo com o sociólogo Pierre Bourdieu, o que foi criado para ser instrumento de democracia, não deve ser convertido em mecanismo de opressão. Dessa forma, percebe-se que a mídia, ao invés de promover debates que elevem o nível de conhecimento da população acerca da invisibilização do trabalho de cuidados realizados pela mulher, prefere não se posicionar, uma vez que tal ação não está atrelada a fins lucrativos. Sob essa perspectiva, a invisibilidade das mulheres cuidadoras se perpetua, visto que grande parte da população permanece ignorante quanto a atual situação dessas mulheres. Por conseguinte, a violação dos direitos laborais das mulheres que trabalham com cuidado ocorre incessantemente, sobretudo aquelas que vivem em situação de pobreza, como ínfima remuneração, ou, muitas vezes, de uma ausência.

Portanto, o governo federal, órgão do Poder Executivo responsável pela administração pública, deve criar campanhas educativas, no meio físico e no digital. Isso será feito por meio da divulgação de propagandas em panfletos, em televisão e em plataformas de streaming como Instagram e Facebook. Essa medida tem a finalidade de conscientizar a população sobre os impactos da invisibilidade das mulheres que realizam os trabalhos de cuidados no Brasil, findandp com a irracionalidade em relação ao tema e, também, com o silenciamento midiático. Assim, os direitos dessas mulheres, previstos na Lei Magna, serão garantidos.","[180, 200, 200, 200, 200]",980.0,160,200,160,200,200,920
2018,"A internet veio para trazer a informação mais rápida. Com apenas um clique a notícia chega do outro lado do mundo. São milhares de usuários no mundo todo vendo assim o avanço da globalização. Tem acesso à rede de dados põe o indivíduo a par de qualquer assunto do qual tenha interesse.

Contudo o usuário pode fazer pesquisas, aprender novos idiomas, interagir em redes sociais como: Instagram, Twitter, Facebook dentre outras funcionalidades que a internet traz consigo.

No entanto, nas redes sociais também se propagam informações em alta velocidade com o o modo ""compartilhar"", o usuário conta com a plataforma em que se mostra no feed mais conteúdo do qual curtiu. Há também a opção de denunciar conteúdo, já que nas redes sociais é o que mais se propaga conteúdo como: racismo, homofobia, pedofilia e além desses os famigerados ""nudes"".

Diante desse contexto lembramos do caso da atriz ""Carolina Dieckman"", que teve fotos íntimas publicadas na rede onde criou-se a lei que traz consigo o nome da atriz, caracterizando assim o crime de internet.

O governo deve promover políticas nas escolas, com cartazes de orientação, palestras feitas por educadores, panfletos, e no meio social popular propagando nos onibus com cartazese na tu propagandasg, alertando a população dos perigos da internet, mostrando também como a pessoa impulsina as redes sociais a mostrarem conteúdos no feed de notícias, enfim disso pretende-se obter uma população mais conscientizada no meio global e assim podermos viver em sociedade agradável a todos.","[140, 200, 140, 160, 120]",760.0,160,200,160,160,120,800
2022,"No contexto social brasileiro, muito tem sido discutido sobre os empecilhos enfrentados na valorização dos grupos de pessoas que apresentam uma forte relação com a natureza, conhecidas como comunidades tradicionais, já que, na maioria das vezes, eles são tratados com indiferença e vistos como pouco importantes. Dessa forma, é necessário que o poder público atue em conjunto com a sociedade civil com o fito de solucionar uma situação adversa. 

Sob esse viés de desvalorização, de acordo com o artigo 1º da Carta Magna, a dignidade humana está entre os fundamentos da República, aspecto que se relaciona diretamente com a delimitação de terras habitadas por povos tradicionais, uma vez que residem em áreas de florestas ou beiras de rio por possuírem um relacionamento próximo com o meio ambiente. Contudo, muitas vezes, essa condição digna é desrespeitada pela expulsão desses grupos de pessoas das áreas que habitam, que acabam sendo usadas para fins econômicos, como o plantio de soja para atender as demandas do mercado externo. Essa displicência com os direitos das comunidades tradicionais resulta de uma carência de sensibilidade por parte do poder público, que prioriza as finalidades econômicas ao invés da condição humana. Tal cenário reforça o sentimento de indiferença com esses indivíduos e agrava a desvalorização desses povos. 

Ademais, os indígenas, os quilombolas e os outros grupos que interpretam a natureza por meio de uma relação de reciprocidade são responsáveis por diversos costumes e tradições que foram incorporados na sociedade como um todo, dormir de rede e comer tapioca, por exemplo. Porém, ainda existe uma mentalidade deturpada de que muitas comunidades são pouco importantes para o país, pensamento que estimula a carência de valorização desses pessoas, visto que são vistas como irrelevante para a comunidade, na maioria das vezes. Esse panorama se relaciona com uma carência de conhecimento da população sobre a influência dos povos tradicionais, pois, muitas escolas negligenciam o aprendizado sobre esses grupos, abordando somente os indígenas durante a colonização. Assim, enquanto a desinformação for um problema, as comunidades tradicionais ainda serão pouco valorizadas. 

Portanto, com o fito de estimular uma postura de valorização dos povos e comunidades tradicionais no Brasil, urge que o poder público, como responsável pelo bem estar social, cumpra o que está atestado na Constituição, por meio da demarcação das terras ocupadas por esses indivíduos, bem como o desenvolvimento de políticas públicas que afirmem os direitos dessas comunidades. Além disso, é necessário que as instituições formadoras de opinião eduquem a sociedade sobre a importância dos povos tradicionais para o país, mediante palestras realizados por membros desses grupos de pessoas e visitas educativas nessas comunidades. Assim, esses indivíduos serão valorizados no país.","[160, 200, 180, 200, 200]",940.0,160,200,160,200,200,920
2018,"Com a massiva expansão da tecnologia a partir do século XXI, a compra de aparelhos individuais conectados à rede se tornou acessível. Ao passo desse fenômeno, as pessoas passaram a expor dados pessoais dos quais antes tinham total controle sobre, mas que agora, empresas podem obter obtê-los por meio de um sistema chamado ""Big Data"". Dados estes que incluem sites visitados, comportamento em rede entre outros.

Hoje, bilhões de pessoas estão conectados em redes sociais que utilizam desse mesmo sistema de coleta de dados. Ao ingressar numa dessas redes sociais, cede-se informações básicos como nome, e-mail e idade, porém no decorrer do uso, involuntariamente, é cedido o parentescos, as lojas virtuais mais visitadas, sites acessados; tudo isso obtido por meio de logaritmos, que controlam a obtenção das informações do usuário, o qual não tem conhecimento prévio, configurando assim constantes invasões à privacidade do tal.

Esses logaritmos de controle são também capazes de saber qual é a opinião dos pessoas conectados apenas analisando as páginas acessadas, os posts com que o usuário interage, potencializando o poder dos mídias sociais. Mark Zuckerberg, dono de redes como o Facebook e o Whatsapp, já citou que seria capaz de ganhar a corrida presidencial estadunidense apenas controlando as notícias que seriam mostradas aos usuários de cada região, analisando a opinião de cada parte do país, dentre outras estratégias do tipo, provando assim, que a manipulação do comportamento dos usuários além de ser contra os direitos humanos, é um mecanismo de alienação da população.

Baseando-se nos argumentos anteriores, a principal medida a ser tomada é deixar de forma implícita quais informações o usuário está cedendo à plataforma, para que ele fique ciente dos riscos que está correndo, bem como a despotencialização dos logaritmos controladores. Fazendo isso, teremos plataformas mais compromissadas com a transparência e honestidade.","[140, 200, 180, 160, 140]",820.0,160,200,160,160,120,800
2022,"No atual contexto social brasileiro, são evidentes os impasses ao devido reconhecimento da importância dos povos tradicionais do país, fato que afeta negativamente a valorização cultural dessas comunidades. Tal cenário desafiador exige uma atuação mais comprometida do Governo Federal, assim como de setores da sociedade civil, com a finalidade de mitigar essa problemática.

Efetivamente, apesar de todos os cidadãos brasileiros terem a dignidade humana assegurada pelo Artigo 1º da Constituição de 1988, diversas populações tradicionais no Brasil não são devidamente valorizados e, consequentemente, se encontram marginalizados socialmente. Essa conjuctura preocupante se deve, principalmente, ao fatode muitas dessas comunidades não serem sequer reconhecidas pelo Estado brasileiro, como é o caso dos pescadores artesanais dos caatingueiros, panorama que dificulta a inclusão social desses individuos e a garantia dos seus direitos, pois impede a identificação desses povos na sociedade e, assim, a demarcação das suas garantias como grupos tradicionais do Brasil. Desse modo, tal cenário adverso exige um maior comprometimento de setores do poder público a fim de superar esses desafios.
                                                                                                                                                                                                                                                                                                                                                                                                               Ademais, a representação das populações tradicionais nos meios midiáticos fomenta a discriminação social contra elas, pois por muitas vezes, são representadas como barbaras e menos inteligentes, aspectos não aceitos socialmente. A guisa de exemplificação, pode-se citar o filme ""Peter Pan"", no qual os protagonistas são capturados e ameaçados de serem comidos vivos pela população indigena do local, situação que, além de não condizer com a realidade desses grupos, impacta negativamente a visão da sociedade sobre eles, estimulando o preconceito contra esses individuos. Esse contexto preocupante exije uma ação mais contudente de estratos sociais com o objetivo de exaltar a cultura dos povos tradicionais.                                                                                                                                                                                            
                                                                                                                                                                                                                                                                                                                                                                                                               Portanto, com o fito de valorizar a importancia social e cultural das comunidades tradicionais e, assim, garantir o bem estar delas, urge que o Governo Federal reconheça oficialmente todos os grupos brasileiros de tradição, por meio de maiores investimentos em pesquisas que objetivam a indentificação de tais pessoas no País. Urge, também, que as instituições formadoras de opinião, tais como escolas e as mídias sociais, estimulem e divulguem obras que têm como finalidade a exaltação da cultura tradicional brasileira, por meio de campanhas publicitárias veiculadas em plataformas de alto alcance midiático, como o Instagram e o Youtube. Dessa forma, os desafios à valorização da relevância dos povos e das comunidades tradicionais do Brasil poderão ser superados, garantindo, assim a qualidade de vida dessas populações. ","[180, 200, 160, 200, 200]",940.0,160,200,160,200,200,920
2023,"No atual contexto social brasileiro, é evidente a predominância da atuação feminina nas atividades relacionadas ao cuidado, porém tal trabalho essencial à nação não é devidamente valorizado na sociedade, fato que resulta na invisibilidade desse ofício e, consequentemente, da mulher que o realiza. Tal panorama desafiador exije uma atuação mais contudente de setores do Governo Federal, assim como da sociedade civil, em prol de mitigar essa problemática..

Efetivamente, o trabalho de cuidar de pessoas se configura como uma atividade socialmente desvalorizada e associada ao dever da mulher, fato que se enquadra como um impasse à superação do cenário de desigualdade relacionado a essa prática. Esse fato pode ser comprovado, por exemplo, por meio dos dados divulgados pelo IBGE, os quais atestam que a população feminina dedica, em média, 10 horas semanais a mais que a população masculina para as atividades  de cuidado de pessoas. Além disso, a desigualdade de gênero no mercado de trabalho contribui para a quantidade exorbitante de mulheres que se dedicam a cuidar de crianças e idosos sem uma remuneração justa ou, por muitas vezes sem remuneração alguma, pois a população feminina encontra mais desafio na procura de emprego que a população masculina, como a disparidade salarial em relação com os homens, os curtos períodos de licença á maternidade, entre outros impasses que cercam a dignidade da mulher e favorecem a sua adesão ao serviço de cuidado, colocando-a em situação de invisibilidade social. Tal conjuctura adversa vai de encontro com a Constituição Federal de 1988, a qual garante a todos os cidadãos a dignidade humana e a igualdade perante a lei, e, assim, exije uma maior atuação do poder público a fim de minorar essa problemática.

Ademais, os afazeres domésticos e o cuidado de pessoas são atividades frequentemente desvalorizadas pela sociedade e, consequentemente, invisiblizadas dentro dela. À guisa de exemplificação, pode-se citar o ofÍcio das empregadas domesticas que, em sua maioria mulheres, dedicam os seus dias a limpar a casa, lavar as roupas cozinhar, cuidar de bebês e idosos, entre outros trabalhos fundamentais ao funcionamento da sociedade, mas não são justamente remuneradas, geralmente não tem a carteira de tabalho assinada, e, assim não têm o seu trabalho devidamente valorizado. Esse panorama comprometedor atesta os inúmeros desafios existentes ao enfrentamento da invisibilidade das atividades de cuidado no Brasil, realizadas pelas mulheres, e, desse modo, exige uma ação mais comprometida da sociedade para superá-los.
                                                                                                                                                                                                                                                                                                                                                                                                              Portanto, com o fito de valorizar o trabalho de cuidado realizado por mulheres brasileiras e, dessa forma, proporcionar melhores condições de vida a essa parcela populacional, urge  que o Governo Federal aumente a fiscalização do cumprimento social dos preceitos estabelecidos pela Constituição de 1988, por meio de maiores investimentos direcionados aos órgãos responsáveis, assim como maior de canais de denuncia a injustiças sociais, como o disque 180. Urge também que as instituições formadoras de opnião, tais como as mídias sociais e o empresariado, fomentem ações que vivem a valorização que realizam o óficio do cuidado e que incitem a necessidade de maior amparo social e politico a elas, mediante campanhas publicitárias veiculadas no Instagram e no Facebook. Desse modo, os desafios à invisibilidade da atividade de cuidado que mulheres realizam poderão ser superados.. ","[180, 200, 180, 200, 200]",960.0,160,200,160,200,200,920
2022,"O Brasil contemporâneo baseia-se em uma complexa dicotomia: de um lado, tem-se um grupo majoritário submetido a uma ""Modernidade Líquida"", isto é, um ideal classicamente capitalista que, de acordo com o sociólogo Zygmunt Bauman, sobrepõe o individualismo à noção de coletividade e solidariedade. De outro, sobrevivem inúmeras comunidades e povos tradicionais que têm seus modos de vivencia desvalorizados e invalidados pela massa dominante, fato que os força a enfrentarem diversas empeciolhos frente da grave negligência governamental.

De início, observa-se que o Poder Público falha em garantir a equidade de direitos, ou seja, a isonomia, dos indivíduos em questão em relação ao restante da sociedade. Nesse meio, sabe-se que o pensador contratualista Thomas Hobbes, em seu livro ""O Leviatã"", reforça o dever do Estado de organizar as condições sociais de toda a população, retirando-a do ""estado de caos"" para gerar o bem-estar coletivo. Tal princípio, que fundamenta a Constituição de 1988, demonstra um compromisso claro do governo para com o seu povo, panorama esse que não é notório, entretanto, na atual condição das comunidades tradicionais brasileiras, uma vez que a própria existência dessas se encontra em risco. Portanto, ocorre a perpetuação dos desafios encarados por tais grupos em meio a um comportamento inconstitucional do Poder Público.

Ademais, frente à problemática supracitada, configurou-se um profundo preconceito relativo a esses indivíduos. Esse contexto é fruto de um ciclo de ignorância generalizada e reprodução de esteriotipos ofensivos devido à falta de conscientização da população como um todo sobre a diversidade cultural dos povos tradicionais do país. Tem-se como causa dessa situação a manutenção de uma mentalidade neodarwinista no sistema de educação brasileiro, ideologia esta que determina a existência de culturas primitivas e inferiores, que devem ser submisas aos modelos culturais europeus, supostamente superiores e aperfeiçoados. Desse modo, repete-se uma noção de desvalorização das pessoas pertencentes às comunidades minoritárias, perpetuando a banalização de ações de ódio e de violência contra tais indivíduos marginalizados.

Em suma, sabe-se que a precariedade de medidas do Estado para a garantia da isonomia perpetua os desafios enfrentados pelas comunidades e povos tradicionais do Brasil. Levando-se essa condição em consideração, cabe ao poder público, por meio do Ministério da Educação, promover alterações na grade curricular do ensino báscio de modo a conferir o lecionamento de assuntos aprofundados relativos às inúmeras culturas existentes em território nacional. Com isso poder-se- á obter uma quebra nesse panorama de marginalização de grupos minoritários.","[180, 200, 180, 180, 180]",920.0,160,200,160,200,200,920
2018,"Com a gradativa explosão de uma quarta Revolução Industrial, baseado nas mais recentes tecnologias, e desenvolvimento contínuo do capitalismo em sua fase informacional, a sociedade global emerge em uma supervalorização de meios como as redes de internet, nas quais dados se transformam em moedas cambiáveis por serviços atrativos. Nesse contexto, em consequência, os comportamentos dos navegadores são subconscientemente controlados por sistemas que coletam dados e monitoram a ação de seus usuários, convertendo tais em instrumentos de manipulação para garantir lucros a determinadas empresas e gerar um controle de massas.

A priori, pode-se afirmar que as grandes empresas prestadoras de serviços virtuais, engatados no sistema capitalista, manipulam as ações de seus usuários para atender, unicamente, a fins lucrativos. Nesse sentido, utilizam-se de tecnologias avançadas de monitoramento e controle de dados para, paulatinamente, moldarem os gostos e interesses dos navegadores aos itens mais vantajosos para as corporações. Tal ato, em geral, associa-se à teoria do ""fetichismo da mercadoria"" proposto por Karl Marx, que afirma a valorização da imagem de um objeto em detrimento de sua utilidade, imposta pelas empresas. Logo, os sistemas constroem perspectivas supérfluas em seus usuários para se atraírem por bens mercadorias, manipulando seus comportamentos.

Ademais, o controle de dados individuais na internet pode configurar-se como um instrumento de submissão e difusão de uma inconsciência generalizada entre os navegadores. Isso ocorre quando informações necessárias aos internautas são substituídas por seus gostos pessoais, como forma de preservar os interesses de determinados indivíduos. Prezando-se, então, por manter os usuários em uma menoridade manipulada e evitando-se que tais alcancem sua maioridade através do desenvolvimento pleno de suas consciências, como afirma Kant, instaura-se uma manipulação plena desses indivíduos, que se submetem à imposição da ignorância por meio da dificultaçao do acesso a informações essenciais.

Em suma, o desenvolvimento da tecnologia trouxe, como ponto negativo, a manipulação do comportamento do usuário pelo controle de dados na internet, causado por interesses comerciais de empresas e para fins de controle das massas. Nessa perspectiva, cabe ao ministério da tecnologia regulamentar e fiscalizar o uso de dados individuais por empresas de serviço da internet, através da proposição de novas leis, implantados pelo poder legislativo, que promovam a punição de atos abusivos, como forma de garantir a defesa dos internautas.","[180, 200, 200, 200, 160]",940.0,160,200,160,200,200,920
2022,"Tem índio morando em cima do meu dinheiro.

Devido à ocupação portuguesa que sofreu, o Brasil viu surgir uma sociedade predominantemente eurocêntrica. Isso fez com que este negligenciasse as culturas dos povos estranhos ao Velho Mundo e os povos que as produziam, viviam, conservavam e transmitiam, percebendo-se motivos étnicos e religiosos e econômicos.

Primeiramente, deve-se analisar a composição dos povos que ocuparam o solo do país ao longo dos séculos. Logo ao terem contato com a América, os luso exterminaram centenas de etnias nativas e escravizaram os pertencentes a outras, além dos de africanos, sob a premissa de levar a salvação divina aos povos menos evoluídos. Entretanto, o real objetivo desse genocídio era explorar solos férteis, espécies endêmicas e  metais preciosos a fim de enriquecer o coroa, que liderava o mercantilismo na Europa juntamente com a Espanha. Assim, percebe-se que houve um aparelhamento da metrópole em conjunto com a Igreja Católica, explícito pela atuação da Companhia de Jesus, para dizimar povos de origens alheias.

Além disso, nos séculos XX e XXI, com o aumento populacional global e o constante estímulo ao consumo, mineradores e latifundiários procuraram expandir as áreas sob seu domínio a fim de produzir, vender e, por consequência, lucrar mais. Todavia, com o advento de novas tecnologias da informação e comunicação, os poucos povos tradicionais que tiveram acesso a essas formas de comunicação descentralizadas alertaram a sociedade sobre os atentados que sofriam, o que fez com que essa exigisse das empresas e do Estado medidas reparadoras e preventivas. Contudo, esse comportamento dos economicamente dominantes ainda perdura.

Portanto, o extermínio de comunidades e povos tradicionais do Brasil pode ser relacionado à manutenção do status  quo econômico que impacta uma sociedade de poucas transformações. Para sanar tal prática, o Governo Federal deve, com atuações do IBAMA, da FUNAI e do ICMBio, demarcar as terras dessas populações de maneira efetiva e assegurar a defesa dessas , o que pode ser executado com maior maestria pelos grupamentos de selva do Exército Brasileiro.","[160, 200, 140, 180, 200]",880.0,160,200,160,200,200,920
2023,"De acordo com a Constituição Federal de 1988, todos cidadãos são iguais perante a lei e a sociedade. Todavia, não é isso que acontece na realidade, pelo que, segundo o site Gxjem, grande taxa do Trabalho de Cuidado não pago é assumido por mulheres. Tal fato mostra como a nossa lei quebra esse artigo, porque, como destacado, as mulheres são invisíveis e marginalizadas nesses empregos. Nesse sentido, a problemática apresentada possui origem e consequência: a sociedade patriarcal e a ocultação da mulher como cidadã de direitos, respectivamente.

Sob esse viés, vale ressaltar que a origem desse obstáculo é a nossa sociedade patriarcal. Isso ocorre pois como nossa sociedade foi criada na base do patriarcalismo, conceito que coloca o sexo masculino como superior, as mulheres são desrespeitadas e desvalorizadas como portadoras de direitos. Exemplo disso é a fala do filósofo Friedrich Nietzsche, que diz que o único erro de Deus foi a criação do sexo oposto ao do homem. Diante disso, é nítida, nas falas de Nietzsche, a marginalização do sexo feminino diante a uma sociedade com princípios na superioridade do macho. Então é necessária a ação com palestras para amenizar esse caso.

Por consequência dessa sociedade machista, cria-se um corpo social onde a mulher é ocultada como cidadã de direitos. Esse fato acontece visto que o sexo masculino é posto como centro do universo, deixando o feminino desvalorizado na questão de direitos. Da mesma forma, importante prova disso foi a conquista do voto eleitoral dessa minoria, a qual ocorreu na década de 30, enquanto os homens a possuíam por anos. Logo, é clara a ocultação do sexo feminino como portador de direito, pois as conquistas sociais do sexo masculino, conseguidas séculos atrás, só estão sendo disponíveis para as mulheres na modernidade. Tornando-se inaceitável que tal verdade continue.

Portanto, é nater que o governo venha agir para amenizar o quadro atual. Para impedir a invisibilidade do trabalho de cuidados realizado pela mulher no Brasil, urge que, especificamente, o Estado, órgão responsável pela ordem no país, faça, por meio de fundos monetários, palestras que venham quebrar a versão patriarcal dos homens. As palestras acontecerem em empresas, lugar onde eles se concentram em quantidade, com função de mudar esse pensamento de superioridade. Só assim, será possível respeitar os artigos da Constituição Federal de 1988.","[160, 200, 180, 160, 200]",900.0,160,200,160,200,200,920
2022,"O romance ""Iracema"", de José de Alencar, é considerado um clássico da literatura brasileira por retratar de forma fascinante a relação entre um homem branco e uma nativa, mostrando o contraste entre suas respectivas culturas. Embora ela seja aclamada, críticos apontam, não somente nessa obra, mas em diversas outras com temática semelhante, uma visão caricaturesca acerca das comunidades e povos tradicionais do Brasil. Dessa forma, uma discussão sobre os desafios para a valorização desses povos se faz necessária.

Essa discussão, inclusive, já está em pauta no debate público atual. Recentemente, houve uma polêmica acerca das fantasias de ""índios"" no Carnaval. Por um ponto de vista argumenta-se que elas valorizam a cultura desses povos originários, como uma forma de homenagem. Por outro lado, outros argumentam que essas fantasias, muito vezes até sexualizadas, contribuem para que se tenha uma visão preconceituosa e ultrapassada desses povos. Assim, é necessário que se conheça as tradições e a cultura desses povos tradicionais para que não se cometa o erro de reduzi-los a uma alegoria banal.

Infelizmente, essas tradições não são tão conhecidas como deveriam. Outras culturas, como a grega e a nórdica, por exemplo, são muito mais conhecidas e até valorizadas pelos próprios brasileiros do que a dos povos originários do Brasil. Isso ocorre porque diversas outras obras que abordam essas outras temáticas, como ""Percy Jackson"", são muito divulgadas, o que facilita sua continuidade e valorização. Por outro lado, o mesmo não acontece com obras que abordam a cultura dos povos e comunidades tradicionais do Brasil, assim, por não conhecê-los, os brasileiros no geral acabam não valorizando eles.

Por fim, pode-se concluir que os principais desafios para a valorização de comunidades e povos tradicionais no Brasil são: desconstruir a visão caricaturesca e preconceituosa que parte da população possui acerca desses povos e difundir suas tradições para que todos possam valorizá-los. Assim, se faz necessário que a FUNAI, juntamente com a secretaria da Cultura, promovam campanhas de conscientização sobre a importância dessa valorização além de fomentar projetos que divulguem a rica diversidade dessas culturas.","[160, 200, 200, 160, 80]",800.0,160,200,160,200,200,920
2023," O filme ""The help"" que se passa no século XX nos Estados Unidos, retrata o dia a dia de empregadas domésticas que cuidam de crianças, idosos e do lar, além de mostrar a atmosfera de preconceito racial, pobreza e mal remuneração destas. Fora da ficção, no Brasil, muitas mulheres realizam o trabalho de cuidado e, assim como as mulheres retratadas no filme, tem seu trabalho desvalorizado economicamente e vivenciam diariamente o preconceito. Dessa maneira, atualmente, há desafios para o enfrentamento da invisibilidade do trabalho de cuidado realizado pela mulher no Brasil, causados pela mentalidade preconceituosa em relação a mulher e tem importância dado o aumento da necessidade de trabalhadores nesse âmbito.

Primeiramente, há a perpetuação de uma mentalidade preconceituosa em relação a mulher. Isso se deve ao passado patriarcal, em que a mulher tinha como papel social o cuidado dos filhos e do lar, considerados inferiores aos homens. Dessa forma, com a perpetuação dessa mentalidade, há uma desvalorização econômica e ideológica do trabalho de cuidado, realizado, principalmente, por mulheres. Posto que leva a uma situação de baixa ou nenhuma remuneração a esse tipo de emprego, além da discriminação e invisibilidade dessas trabalhadoras.

Ademais, há um aumento da necessidade de trabalhadores nesse âmbito. Isso ocorre pelo crescente envelhecimento da população, dado os expressivos avanços tecnológicos no campo da medicina, que levam ao aumento da expectativa de vida. Além disso, com a inserção da mulher no mercado de trabalho, há uma crescente necessidade de contratação de trabalhadoras de cuidado para filhos e familiares mais idosos. Assim, a superação dessa invisibilidade se torna de extrema importância.

Portanto, é de suma importância que o Governo, órgão responsável pela garantia da igualdade entre gêneros e garantia da cidadania, promova a superação da mentalidade preconceituosa em relação a mulher e o trabalho de cuidado, por meio de campanhas de conscientização sobre o assunto, com o finalidade de acabar com a invisibilidade deste tipo de trabalho e oferecer melhores condições de remuneração a estas. Assim, nenhuma mulher do século XXI vivenciará as situações das mulheres do filme ""The help"".","[180, 200, 180, 200, 200]",960.0,160,200,160,200,200,920
2022,"A partir do século XVI, com as Grandes Navegações e o processo de colonização no Brasil, houve a dominação europeia no país, que implantou um ideário eurocêntrico. Assim, houve uma supervalorização do homem europeu branco, o que corroborou para a desvalorização de comunidades e povos tradicionais, deixados a margem do processo. Este fenômeno aumentou com o desenvolvimento do Brasil como um país agroexportador. Então, há uma necessidade da valorização de comunidades e povos tradicionais no Brasil, já que fazem parte da matriz cultural do país, mas há empecilhos, uma vez que são alvos de grandes produtores agropecuários.

Primeiramente, estas comunidades e povos tradicionais fazem parte da matriz cultural do país. Isso pode ser demonstrado na variedade de alimentos, palavras e costumes derivados de povos, como indígenas e quilombolas, sendo um exemplo a prática de tomar muitos banhos. Dessa maneira, valorizar os povos tradicionais e comunidades se torna de suma importância, já que amplia o conhecimento sobre os povos e, ao mesmo tempo, sobre o próprio indivíduo que aprende sobre suas origens. Além disso, a valorização colabora para a proteção destes povos e sua visibilidade, aumentando o respeito aos seus direitos como cidadãos.

Ademais, estes povos acabam sendo alvos de grandes produtores agropecuários, tendo seus direitos desrespeitados. Isso se deve pois a maioria dessas comunidades e povos tradicionais vivem de forma harmônica com o meio em que produzem, tendo uma relativa baixa produtividade. Assim, para grandes produtores esta é considerada um impedimento para que possam prosperar e aumentar seu lucro, gerando conflitos com essas comunidades e povos, dificultando a valorização destes.

Portanto, o Governo, órgão responsável pela população brasileira, deve promover programas que valorizem esses povos e comunidades, por meio de encontros com pessoas pertencentes a estes, a fim de aumentar o conhecimento sobre esses povos e a consequente valorização destes. Assim, os povos tradicionais e comunidades obterão uma melhor qualidade de vida e respeito ao qual têm direito.","[160, 200, 140, 180, 200]",880.0,160,200,160,200,200,920
2018,"A cada dia que se passa, mais pessoas são atraídas pela internet. Isso se dá pela infinidade de informações e opções que se fazem presente nas mãos dos usuários desta. É alarmante a influência da internet no cotidiano do usuário.

O impasse assemelha-se ao mito da caverna de Sócrates. Onde a internet faz a ilusão de autonomia e liberdade ao usuário, enquanto este é manipulado. tamanha manipulação das informações que geram a mudança coportamental do indivídio.

Os dados presentes na internet são filtrados,fazem do dos usuárioscada vezmais submissos a ele e chegará a um ponto onde as redes sociais decidirão o que é e o que não é relevante para o indivídio. 

Para resolver ete impasse deve-se criar leis que proibam, de forma direta, a manipulação de dados, além de ser obrigatorio, em computadores e celulares que têm acesso à internet, aparelhos que impeçam a filtragem de informações dos usuários.","[140, 140, 120, 120, 80]",600.0,160,200,160,160,120,800
2023,"Sob a perspectiva do escritor e político Darcy Ribeiro ""A coisa mais importante para os brasileiros é construir o Brasil que queremos."" Análogo a ideia do autor, tal pensamento não foi convertido em realidade no que tange aos desafios da invisibilidade do trabalho de cuidado que são realizados por mulheres. Nesse sentido, cabe analisar as causas que corroboram para a problemática, aa saber, a inoperância governamental e a influência midiática.

Sob esse viés, é importante citar a negligência estatal como fator agravante desse impasse. Segundo John Locke, filósofo inglês conhecido por sua teoria ""Contrato Social"", cabe ao Estado garantir o cumprimento de suas leis vigentes. No entanto, percebe-se que não há medidas efetivas para resolver a pauta de invisibilidade desse grupo de trabalhadores. Isso torna-se evidente, graças a pesquisas como ""Tempo de Cuidar"" que mostram que 75% das mulheres que são cuidadoras não são remuneradas. Essa realidade mostra que o país não estar cumprindo com a Constituição Brasileira.

Outrossim, é válido ressaltar o impacto negativo que a imprensa causa na população. Como bem observado por George Orwell, em sua obra ""1984"", a mídia exerce grande influência na formação de opiniões e no controle social. No contexto moderno, as redes sociais são utilizadas, em grande parte, para menosprezar o outro. A circulação desse pensamento nos jovens é mais impactante, pois podem moldar um pensamento individualista e um medo de ser julgados por seus colegas, devido ter que ajudar a cuidar de alguém.

Destarte, cabe ao Ministério da Educação promover mudanças nas concepções discriminatórias sobre o trabalho de cuidador. Uma medida efetiva seria a apresentação de palestras periódicas, ministradas por sociólogos renomados, com o intuito de conscientizar os estudantes acerca da importância de cuidar do próximo e a importância de conhecer seus direitos previstos na Constituição Brasileira. Além disso o Estado deve medir sanções a empresas que compactuem com ideias discriminatória.","[160, 200, 180, 180, 160]",880.0,160,200,160,200,200,920
2022,"Na obra ""O Guarani"", escrita no período do romantismo, é apresentada a história de Peri, um nativo que teve contato com os portugueses. Na história Peri é enganado e tem sua terra roubada pelos colonos. Fora da ficção, essa é a realidade de diversos povos nativos, que são vítimas do modelo capitalista. Tal problemática tem se agravado no país, pois é motivada principalmente, pela negligência estatal e pela desinformação populacional.

Sob essa ótica, o filósofo John Lock em sua teoria do ""Contrato Social"" afirma que deve comprir com seus deveres para com a sociedade. O Brasil em seu documento mais importante, A Constituição Federal, assegura que todos os brasileiros tem o direito à segurança e à moradia, contanto esse direito não é efetivo quando se fala dos povos tradicionais. Por conta do atual sistema econômico, o capitalismo, muitas comunidades têm suas terras invadidas para a produção de atividades econômicas ilegais, como o garimpo e as queimadas.

Outrossim, a população também tem sua parcela de culpa no desafio da valorização das comunidades tradicionais brasileiras. Segundo o filósofo Emmanuel Kant, o homem é o reflexo da sua educação, ou seja, se ele não aprendeu a respeitar as regras não pode-se esperar que ele faça isso. Dessa maneira, o atual problema revela que há uma falha na educação oferecida nas escolas brasileiras.

Portanto, faz-se necessário medidas que possam metigar tal problema. O Estado em conjunto com o Ministerio da Educação devem promover campanhas de conscientização sobre essas comunidades, por meio das redes sociais e cartazes a fim de alcançar um parcela maior da população. Além disso, palestras com os próprios nativos ajudaria a mostrar os desafios enfrentadas pelos mesmos. Dessa forma, essas comunidades ganhariam  mais visibilidade e poderiam então garantir seus direitos.","[160, 200, 140, 180, 180]",860.0,160,200,160,200,200,920
2023,"O trabalho de cuidado é definido como o conjunto de atividades relacionadas à reprodução da vida e da sociedade, que inclui afazeres como cuidar de crianças e idosos, cozinhar, limpar, entre outros. Esse trabalho, entretanto, não é assumido igualmente pela sociedade. Essas atividades são normalmente delegadas a mulheres e a suas meninas. Assim, existem desafios para o enfrentamento da invisibilidade do trabalho de cuidado realizado pela mulher no Brasil, que surgem por conta da falta de infraestrutura de cuidado e pela visão patriarcal no país.

Em primeiro plano, há infraestrutura precária de cuidado na nação. A sua ausência, que aparece na carência do sistema previdenciário e na falta de creches, transfere o ônus do cuidado das crianças e idosos para a família brasileira, como apresenta a revista pesquisa. No final, o trabalho acaba sendo repassado para a mulher, sem que se perceba.

Ademais, a estrutura patriarcal da sociedade, que estabelece papéis definidos para o homem e para a mulher, acaba colocando mais uma barreira para o enfrentamento da invisibilidade do trabalho feminino de cuidado. Essa definição muitas vezes é colocada como natural pela sociedade, e acaba impondo essas atividades sobre a mulher, como mostra a média de 21 horas semanais gastas com afazeres domésticos pelas mulheres, que é mais que o dobro daquela gasta pelos homens, de acordo com dados do IBGE.

Desta forma, para vencer os desafios para o enfrentamento da invisibilidade do trabalho de cuidado pela mulher no Brasil, o governo Federal, sobretudo o Ministério de Infraestrutura, deve investir na criação de uma infraestrutura de cuidado, por meio de programas previdenciários e incentivos fiscais para a criação de creches. Com isso, a mulher será menos sobrecarregada por esse trabalho de cuidado. Além disso, o Estado, em detalhe o Ministério da Educação, deve criar programas para promover a igualdade de gênero, por meio de propagandas e programas educativos. Destarte, haverá maior consciência da necessidade da divisão do trabalho de cuidado, o que enfrentará a invisibilidade do trabalho feminino de cuidado no Brasil.","[120, 140, 120, 120, 180]",680.0,160,200,160,200,200,920
2023,"O quadro expressionista ""O grito"", do pintor Edvard Munch, retrata um personagem em profunda angústia, incerteza e medo em uma atmosfera de extrema desolação. Para além da obra, ao observar a realidade contemporânea do país, constata-se que o sentimento das milhares de mulheres brasileiras que enfrentam o estigma da invisibilidade do trabalho de cuidado que realizam é estreitamente semelhante ao ilustrado pelo artista. Nesse viés, é essencial destacar a negligência governamental e o legado histórico como propulsores do problema e, uma vez que promovem a desvalorização e a marginalização dessas pessoas, devem ser combatidos.

Primeiramente, é fundamental destacar a baixa atuação estatal, no que concerne a criação de mecanismos que promovam a inclusão e a seguridade dos indivíduos no meio socioeconômico. Nesse sentido, mesmo com a conquista à participação política, o cenário de valorização é de descaso, visto que, apesar da alta procura por esse serviço, relatada pela Revista Pesquisa, a remuneração é irrelevante ou quase inexistente. Essa conjuntura, para o filósofo John Locke, configura-se como uma violação ao ""contrato social"", já que o Estado não cumpre sua função de garantir direitos fundamentais à população, como o direito à dignidade e à qualidade de vida, previstos na Constituição Federal de 1988.

Ademais, a grande renda histórica deixada pelo Período Colonial, que determinava rigorosamente a realização do trabalho doméstico pelas mulheres escravizadas, sob essa perspectiva reverbera no atual entrave. Sob essa perspectiva, é pertinente mencionar a história da escritora Carolina Maria de Jesus, em seu livro ""Diário de uma favelada"", que revela as dificuldades de uma mãe em prover a casa e a família sozinha. Assim como Carolina, milhares de mulheres enfrentam empecilhos ao serem responsabilizadas pelo cuidado e sustento de seus familiares pois, fruto de um sistema machista, o zelo à casa, às crianças e aos idosos é limitado unicamente à figura feminina.

Portanto, para mitigar a ameaça que o descaso estatal e a cultura machista enraizada representam à essas pessoas, é necessário que o Governo Federal — organização governamental mantenedora da ordem —, a fim de promover a inclusão e o reconhecimento, instigue ações que tornem a importância destas mulheres difundida. Por meio da criação de uma lei, irá se tornar obrigatória a remuneração de toda a forma de trabalho de cuidado, sem distinção de classe, etnia, nacionalidade e sexualidade, para que, assim, as mulheres vivenciem um ambiente de equidade e valorização.","[160, 200, 180, 180, 200]",920.0,160,200,160,200,200,920
2022,"Para Rousseau, quando o indivíduo passa a viver em sociedade, ele abdica de  direitos individuais em prol de direitos coletivos, no chamado ""Contrato Social"". Dessarte, o Governo Federal, na contemporaneidade, rompe com seu compromisso perante o povo, quando negligencia a valorização de comunidades tradicionais no Brasil, uma vez que a cultura é protegida pela  Constituição Federal de 1988. Nesse sentido, dois aspectos devem ser observados: a diversidade de povos no Brasil e o papel da educação na valorização da cultura.

Com efeito, é necessário reconhecer a multiculturalidade do Brasil. Nesse contexto, segundo dados do IBGE (Instituto Brasileiro de Geografia e Estatística), em 2010, foi possível mapear mais de 200 idiomas falados nativamente no país. Dessa forma, é visível ver um Brasil rico de tradições e costumes, mas que por seu tamanho e complexidade, sofre de dificuldade na valorização de todos. Desse modo, é grave a necessidade de esforços públicos para atendero povo sem homogeneizar sua cultura.

Além disso, é importante entender o papel da educação na formação de cidadãos que respeitam a diversidade. Segundo a pedagoga Maria Montessori, a educação, durante os primeiros anos de formação do aluno, é crucial para que ele aprenda a reconhecer e valorizar a diferença entre si e o outro. Contudo, o que se observa na atualidade, é que não há inclusão das diversas comunidades tradicionais do Brasil na Base Nacional Comum Curricular (BNCC). Observa-se, então, no século XXI, um apagamento de culturas da nação.

Portanto, é notório que, sem mudanças na atitude do Estado, não haverá a valorização de comunidades tradicionais no Brasil. Destarte, é crítico que o Ministério da Educação, responsável pelo curriculo  base , crie meios para o  reconhecimento das diversas populações do Brasil, através de alterações na BNCC, a fim de possibilitar que todos os estudantes tenham contato com a riqueza cultural do país. Outrossim, esse mesmo órgão deve promover campanhas midiáticas, por meio de redes sociais e televisivas, para que os brasileiros que não estão matriculados em instituições de ensino também entrem em contato com a diversidade de tradições da nação. Seguindo essas ações, é possível valorizar todas as comunidades do país e finalmente cumprir com o Contrato Social proposto por Rousseau.","[140, 200, 140, 200, 200]",880.0,160,200,160,200,200,920
2018,"Com o surgimento do controle de dados na Internet, o que Marx chamou de alienação passa a dizer também sobre a formação de opinião. A tecnologia, que a priori foi concebida na intenção de melhorar os serviços prestados por alguns aplicativos, se torna um impecilho à informação plena, de tal forma que os usuários transformam-se em alvo fácil para empresários manipuladoras.

Dados do IBGE apontam que 64,7% da população faz uso da internet. Portanto,as vontades de  milhões de pessoas encontram-se  sendo forte influência dos poucos grandes controladores da mídia. É evidente que tal poder será utilizado comercialmente. Tendo em mão os dados necessários, os publicitários saberão exatamente o que, como e onde oferecer aos usuários da internet, estimulando ainda mais o consumo exacerbado.

 Ademais, controlar dados e notícias aos quais a população é exposta cria uma massa ignorante conhecedora apenas de uma parcela dos fatos, onde todos estão inseridos em bolhas, exterminando toda e qualquer possibilidade de diálogo. Esse cenário é terreno fértil para a popularização de líderes autoritários e extremistas, como ocorreu nos Estados Unidos, durante as eleições presidenciais de 2016.

Sendo assim, cabe ao Estado, em função do Poder Legislativo, promulgar leis que punam severamente o controle de dados e a manipulação na internet e a  Anatel  de fiscalizar as redes, garantindo assim uma navegação mais transparente que não omita informações, na intenção de dar ao usuário liberdade e capacidade para ter seu pensamento livre de audiência  influenciada.","[160, 140, 160, 180, 160]",800.0,160,200,160,160,160,840
2018,"Diariamente, somos abordados por milhares de informações, as mesmas são vindas das redes sociais ou até dos sites de notícias, porém, tais redes possuem os nossos dados, e com base neles o conteúdo adapta-se da maneira que seja possível moldar o nosso modo de pensar.

Recentemente, o Facebook vivenciou uma investigação na qual foram constatados o vazamento de informações de usuários. As informações foram utilizadas para promover figuras políticas, este acontecimento acarretou em grandes impactos nas eleições.

A internet possui um grande papel na propagação de conteúdo, dessa forma as empresas e instituições utilizam-se de figuras públicas para promover o seu produto ou até mesmo seu modo de pensar.

Vivemos em uma era digital, o contato com a internet é inevitável, nossos dados devem ser protegidos pelos órgãos como a Polícia Federal que deverão fazer a segurança deles armazenando em bancos de dados, assim estaremos seguros da manipulação feita a partir dos nossos dados.","[120, 120, 120, 100, 140]",600.0,160,200,160,160,120,800
2022,"No livro ""Iracema"", do autor José de Alencar, é retratada uma imagem heroica da índia Iracema, que tem sua imagem e sua cultura valorizada pelo autor. Nessa perspectiva, é evidente que a sociedade brasileira atual não compartilha dos ideais do autor cearense, visto que há a mesma desvalorização da cultura dos povos tradicionais do Brasil, como é o caso dos indígenas.

Em primeira análise, é necessário destacar a falta de investimento do Estado na criação de órgãos de preservação das terras indígenas como principal causa da problemática. Segundo o filósofo americano John Rawls, é dever do Estado ético  garantir a distribuição igualitária de verba para todos o setores da sociedade, de modo a assegurar o  bem-estar social. Sob essa ética, é evidente que o governo brasileiro não se encaixa na definição de Estado ético, visto que  há uma falta de investimento na criação de órgãos que demarquem as terras indígenas no Brasil, o que faz com que o extrativismo vegetal, como o de lenhadores e seringueiros, tomem posse dessas terras por meio  do uso da violência,  o que deixa os povos indígenas brasileiros sem terra e, por consequencia, obriga-os a migrar e se adaptar à cultura de outras regiões do país.

Além disso, é importante salientar a falta de ensino das culturas indígenas nas escolas brasileiras como fator agravante para a problemática. Sem essa educação, os estudantes brasileiros  ficam desinformados  sobre a cultura  dos povos tradicionais do país, fazendo com que só as tradições culturais urbanas sejam valorizadas e, consequentemente, o número de casos de preconceito contra a cultura indígena no Brasil aumente, o que constitui outro desafio para a valorização desses povos.

Logo, é evidente que o Estado brasileiro, por meio da criação de leis que  melhor distribuam a verba pública nacional, deve investir na criação de órgãos que demarquem terras indígenas e fiscalizem suas fronteiras, com o fito de promover uma maior conexão entre esse povo e suas terras. Assim, garantir-se-ia possível uma menor imposição da cultura externas aos  povos indígenas e, por conseguinte, uma maior valorização de sua cultura.","[160, 180, 200, 200, 200]",940.0,160,200,160,200,200,920
2022,"Segundo a Declaração Universal dos Direitos Humanos, ""Todas as pessoas são livres e iguais em direitos e em dignidade"". Porém, existe  no Brasil uma dificuldade no que diz respeito a valorização de povos e comunidades tradicionais e isso se deve a desafios ainda não  superados, como a falta de investimentos do Estado para auxiliar essas populações e a falta de conhecimento dos brasileiros sobre esses grupos.

Em primeiro análise, é importante destacar a insuficiência de investimentos governamentais que beneficiem os povos tradicionais brasileiros. Nesse contexto, o economista Jonh Rowes acreditava ser dever do Estado ético  garantir  a distribuição igualitária de verbas para diversos setores da sociedade, visando o bem estar social. No entanto, esse pensamento não é notado nas ações do governo brasileiro, tendo em vista que ele dificulta a sobrevivênvia das populações tradicionais em território nacional , devido a falta de verbas direcionadas a esses  grupos, deixando-os expostos a doenças e invasores de terras, e, consequentemente, contribuindo para o desaparecimento dessas populações.

Em segunda análise, é necessário ressaltar os impactos da lacuna educacional, no que diz respeito à valorização de grupos tradicionais no Brasil. Nesse sentido, segundo o político Nelson Mandela, ""A educação é a arma mais poderosa que você pode utilizar para mudar o mundo"", demonstrando o poder que a educação tem para alterar a realidade de uma nação. Então é notório  que a lacuna educacional é um desafio para a valorização das populações tradicionais, pois impossibilita que o restante da população tenha conhecimento sobre a importância desses grupos para a preservação da cultura nacional, dificultando a procura em defender esses grupos.

Portanto, faz-se necessário a adoção de medidas que venham a solucionar os desafios para valorização de povos e comunidades tradicionais no Brasil. Assim, cabe ao governo federal , órgão nacional de maior poder,  aumentar a verba destinada a proteção de povos originários,  por meio de decreto presidencial  e com a votação no legislativo, visando promover estabilidade social para esses grupos. Cabe também ao Governo, por ação do Ministério da Educação, promover aulas e palestras sobre a importância dessa população. Dessa maneira poderemos cumprir com os os direitos humanos.","[140, 200, 160, 200, 200]",900.0,160,160,160,200,200,880
2022,"Há mais de seis tipos de povos tradicionais brasileiros que juntos representam milhares de famílias no país, muitas delas estão por aqui há centenas de anos. Entretanto, não é raro se deparar com notícias sobre o enfrentamento dessas comunidades contra problemas descriminatórios e territoriais que ameaçam sua subsistência. Deste modo, entende-se que a ausência de fiscalização das leis de soberania de suas terras e a falta de conhecimento e respeito pela sua cultura e história são elementos principais que desvalorizam os povos originários.

Em primeiro lugar, a frequente ocorrência de garimpo em terras indígenas, por exemplo, atesta que as leis e emendas à constituição conquistadas por causa de diversas manifestações em Brasília desde a redemocratização, não estão sendo efetivamente fiscalizadas. Esse é o papel que as ditas Instituições-Zumbi, de Zygmunt Bauman, deveriam cumprir, esta falta de ação permite com que várias famílias de povos originários tenham sua soberania territorial e, portanto, sua existência afetada por malfeitores. Assim, o descumprimento das leis desvalorizam as comunidades tradicionais brasileiras.

Em segundo lugar, a falta de respeito e conhecimentos difusos sobre as populações originais remetem a preconceitos que não desapareceram, herdados desde o achamento do Brasil, quando os locais foram tratados como sub-humanos. Tais pré-concepções  impedem que partes da sociedade tenham simpatia pela luta desses povos e ajudem a terem valores reconhecidos no Brasil.

Por conseguinte, faz-se necessária a correta execução da lei pelas instituições do governo federal, ou seja, a checagem e punição devida aos infratores, por meio da mobilização eficaz de pessoal e recursos, a fim de assegurar a soberania, à terra, dos povos  tradicionais. Ademais, o contato com a cultura das comunidades através de campanhas de conscientização da população pelas ONGs. Somente assim, esses povos terão sua  importância valorizada pelo Brasil.","[140, 200, 160, 160, 180]",840.0,160,200,160,200,200,920
2022,"Na obra cinematográfica, ""Wakanda para sempre"", retrata-se os ataques ao povo de Wakanda, os nativos, organizados por coorporações que buscam explorar os recursos naturais dessa comunidade. Paralelamente, o mesmo acontece com as comunidades e povos tradicionais, do Brasil, que enfrentam desafios para serem valorizados — culturalmente e territorialmente. Isso ocorre devido à negligência governamental e ao individualismo sociocultural.

De início, sabe-se que existe um descaso do governo em relação à valorização dos povos nativos. Nesse contexto, segundo o livro ""Cidadão de Papel"", constata-se a materialização de que os direitos previstos na Constituição Federal de 1988 não são garantidos a todos os brasileiros. Sob esse viés, evidencia-se a omissão dos mecanismos legais diante aos projetos de proteção e de demarcação das terras nativas, pois os povos originários, constantemente, organizam manifestações - nas ruas e nas redes sociais — para reivindicar medidas eficazes do governo para solucionar esses problemas. Como resultado, não são garantidos os direitos constitucionais às comunidades e aos povos tradicionais, à segurança e à moradia.  

Além disso, o individualismo colabora com a perpetuação da desvalorização dos povos tradicionais. Nessa conjectura, de acordo com a teoria de Zygmunt Bauman, ""Modernidade Líquida"", a contemporaneidade é marcada pela volatilidade das relações sociais : a fragmentação dos laços afetivos e o individualismo. Sob essa perspectiva, a individualidade exacerbada de grandes empresários de agropecuarista e de construtoras, em falta de alteridade, ocasiona na invasão de territórios nativos — para construir edifícios e estradas, para expandir o agronegócio — em busca sem se importar com as leis e com os atuais habitantes do espaço. Por consequência, os povos tradicionais são desvalorizados, uma vez que retira-se deles os territórios que representam a identidade e a cultura das comunidades.

Portanto, é notório os desafios — o descaso governamental e o individualismo — para valorizar as comunidades e os povos tradicionais no Brasil. Assim, necessita-se que o Governo Federal crie um conselho dos nativos — com  representantes indígenas e quilombolas — de modo a solicitar e efetivação da demarcação de terras nativas, a fim de garantir o direito e a valorização desses povos. Ademais, necessita-se, também, da reformulação das leis de terras, por meio da adoção de penas mais severas — aumentos nos valores das indenizações e maior duração de reclusão de liberdade - aos invasores de terras nativas, com a finalidade de cessar o individualismo dos criminosos.","[160, 200, 160, 200, 180]",900.0,160,200,160,200,200,920
2022,"No território brasileiro, entende-se como povos tradicionais aqueles que possuem uma relação mútua com o meio ambiente, uma vez que utilizam a terra apenas para sua subsistência. Com a chegada dos portugueses ao Brasil no séc. XVI, iniciou-se um extenso histórico de perseguição e negligência dos direitos dessas populações, o qual teve como consequências o genocídio de povos indígenas, a morte de línguas e tradições e a recorrente invasão territorial. Desse modo, deve-se entender a importância da valorização das comunidades e povos tradicionais, além de analisar os obstáculos que dificultam a problemática.

Primeramente, vale ressaltar que as comunidades tradicionais, como indígenas, quilombolas e ribeirinhos, possuem um papel fundamental na preservação da natureza. Localizados majoritariamente nas regiões Norte e Nordeste, esses povos tem um conhecimento profundo da natureza, uma vez que têm seu modo de vida pautado não apenas na sustentabilidade, mas na harmonia com o meio ambiente. Além disso, deve-se destacar a sua significativa herança cultural, a qual é passada de geração para geração. Muitas vezes, somente por via oral. O povo Kambeba, por exemplo, diz ser o povo das águas e, por isso, o rio lhes tem fundamental importância.

Ademais, embora muitos povos sejam reconhecidos oficialmente pela legislação, ainda há um grande descaso por parte do Estado, que muitas vezes falha em identificar e punir adequadamente os infratores. Como revela  Jayana Pataxó - professor  na região de Porto Seguro (BA) e estudante na Universidade Federal de Minas Gerais - no Jornal El País, em 1951, o povo Pataxó teve suas terras queimadas e  foram forçados a deixá-la. Como consequência, quase perderam seu idioma. Além disso, devido à baixa fiscalização, ocorrem diversos conflitos entre populações tradicionais e aqueles responsáveis pelo desmatamento na Amazônia.

Diante do exposto, torna-se evidente a importância desses povos terem seus direitos respeitados e a dificuldade desses povos. Portanto, faz-se necessário que o Ministério do Desenvolvimento Social, por meio da Comissão Nacional de Desenvolvimento Sustentável dos Povos e Comunidades Tradicionais, invista mais em iniciativas de delimitação territorial, além de reforçar a fiscalização e a proteção dessas populações.","[180, 200, 180, 160, 120]",840.0,160,200,160,200,200,920
2018,"Nesse ano, veio à tona o caso da venda de dados pelo Facebook. Esse incidente teve grande repercussão  mundial e levantou uma discussão acerca da segurança do controle de dados na internet. Fato é  que a exposição de dados de acordo com o  comportamento do usuário é uma poderosa arma para  manipulação das massas.

Atualmente, é comum estar conectado à rede. Pesquisas indicam que grande parte da população utiliza ou já utilizou a internet. Todas essas pessoas têm acesso às informações compartilhadas nas redes sociais e nos sites de notícias e, portanto, podem ser influenciados pelos mesmos.

Um fator agravante desse cenário é a possibilidade de conteúdo personalizado aos usuários de sites como Instagram, Facebook e YouTube. Por meio dessa tecnologia, é possível que um determinado conteúdo seja exibido a um grupo de usuários que apresentam um certo comportamento,  o que possibilita a manipulação desses indivíduos por meio da escolha do conteúdo exibido.

Nesse cenário, é impossível  impedir o controle de dados, mas pode-se evitar a manipulação. Isso pode ser feito pelo usuário das redes sociais, que deve conferir as informações recebidas por meio de uma pesquisa sobre o assunto tratado. Isso evita a proliferação de informações falsas e, consequentemente, dificulta a manipulação.","[120, 160, 140, 140, 180]",740.0,160,200,160,160,160,840
2018,"A alienação tecnológica.

O sociólogo alemão Karl Marx mostrou em suas obras como o homem pode se tornar um indivíduo alienado, fazendo coisas sem pensar ou saber. O contexto de Marx era de uma sociedade que a indústria crescia com a presença de modelos de produção como o Fordismo e o Taylorismo. Atualmente, o contexto é outro, a alienação vem na maioria das vezes pela internet e a manipulação de dados presente nela, geralmente representando interesses de empresas, pessoas ou até governos.

Ao controlar as ações dos usuários na internet, os sistemas responsáveis por isso fazem com que a escolha e as preferências das pessoas sejam sempre as mesmas, não dando total liberdade para os indivíduos decidirem o que querem. Na maioria das vezes isso é algo imperceptível, porém é muito comum de acontecer. Aplicativos de filmes fazem listas de programas e séries que o usuário deve preferir, isso faz com que as pessoas escolham somente algo que está entre o que foi selecionado, deixando de conhecer a variedade contida ali.

As ""Fake News"" são notícias que tem como principal intuito manipular a opinião dos leitores, com dados falsos ou distorcidos. Isso está tão comum que grande parte das informações presentes em redes sociais são falsas, com a intenção de promover empresas, partidos políticos ou pessoas. A população se mostra tão suscetível a esse tipo de coisa que qualquer manipulação de informação consegue mudar opiniões, mesmo não sabendo a procedência ou a veracidade dos dados.

É de grande importância que as escolas criem aulas que falem sobre a tecnologia, a internet e como funcionam, tendo como foco inicial os mais jovens que são os que mais usam estes recursos, para que após isso os próprios estudantes tenham conhecimento suficiente para ensinar os mais velhos. Todo esse aprendizado irá ajudar a evitar que as pessoas se alienem na internet e sejam vítimas da manipulação presente nela.","[160, 200, 160, 120, 160]",800.0,160,200,160,160,120,800
2022,"Liberdade de Expressão

No Brasil, os impasses que envolvem o reconhecimento de povos tradicionais têm demonstrado serem  bastante recorrente  no cenário nacional. Nesse contexto, comunidades diversas como as quilombolas e os  ribeirinhos  têm sido ameaçadas e desrespeitadas em função da ação de descasos e negligência que são submetidos, o que  provocam uma desvalorização  da cultura local e prejudica a qualidade de  vida dessas pessoas.. Tal panorama afeitivo  exige uma atitude mais explícita por parte do Governo e das instituições formadoras de opinião, parra solucionar essa problemática.

Diante dessa ótica, é fato que a Constituição Federal de 1988 assegura no artigo V uma qualidade de vida com moradia e segurança para todos os brasileiros. Todavia, mesmo com esse garantia, inúmeros habitantes ainda sofrem com a insegurança advinda das políticas públicas impostas de modo irresponsável pelo Governo de tal forma que comunidades tradicionais têm seu estilo de vida afetado. Nesse cenário, vários povos são ameaçados com legislações ambientais e mecanismos econômincos que colocam em risco os direitos dessas populações e que visam somente lucro. Desse modo, ainda que exista um código legal que exija um oferecimento de um bem-estar para a população, este não é cumprido em sua totalidade devido à displicência de setores do Poder Público em seguir as leis propostas pela carta magna, situação essa que desvaloriza a existencia dos povos culturalmente diferenciados e traz muitos malefícios para essa parcela social.

Além disso, em função do descaso de algumas instituições formadoras de opinião, muitas vezes nao existe um compartilhamento adequado de informações acerca da importância dos povos tradicionais na constituição cultural nacional e dos desafios que essas pessoas enfrentam. Assim, inúmeros brasileiros desconhecem a realidade dessas comunidades e não entendem os danos que as ações do Governo podem ter, o que causa uma omissão social e, consequentemente, a carência de manifestações a favor dos direitos dessa fração da população.

Portanto, é preciso que o Governo respeite o espaço habitado pelas populações tradicionais, visto que a aplicação de leis que prejudiquem sua  qualidade de vida têm sido recorrente, mediante  o cumprimento do código que rege o país para que estas pessoas ter seu território garantido legalmente.

Ademais, é necessário que as instituições formadoras de opinião, como as escolas e as famílias, realizem um maior compartilhamento de informações sobre esses povos como pescadores e ciganos por meio de palestras e diálogos  para que seja desenvolvido um censo crítico e ,dessa forma, haja a redução da omissão social.","[160, 200, 140, 200, 200]",900.0,160,200,160,200,200,920
2016,"Desde o início da civilização, a raça humana tenta explicar sua origem através de deuses ou seres divinos. Com o passar dos anos foram criadas várias religiões diferentes umas das outras, com épocas em que o povo e o Estado discriminavam e até matavam pessoas com uma convicção religiosa diferente.

O ódio a religiões distintas já ocasionou muitos episódios históricos horríveis como a tortura dos cristãos durante o Império Romano e as mortes em massa dos judeus na Segunda Grande Guerra. Porém, mesmo sendo tempos que não gostamos de relembrar, muitas pessoas no mundo ainda têm o mesmo pensamento da antiguidade.

No caso do Brasil, a afinidade perante a discriminação de religiões vem aumentando junto com os discursos de ódio. Segundo dados da Secretaria de Direitos Humanos, as agressões físicas estão cada vez mais altas. Parte desse problema é ocasionado por figuras públicas que enaltecem a intolerância religiosa e impulsionam manifestações contra outras religiões.

A outra parte do problema é a falta de educação da população para perceber que todos são seres humanos e merecem respeito. Logo, o governo deve implantar aulas e palestras para toda a comunidade explicando como funcionam os direitos humanos, desenvolver publicidades sobre respeito e igualdade e juntamente com a mídia e a população, não exaltar figuras que apoiam atos contra os direitos humanos.","[160, 200, 160, 180, 140]",840.0,160,200,160,200,160,880
2018,"Desde a invenção da internet, na década de 1980, a humanidade alienou-se a uma vida com todas as facilidades fornecidas, como o uso de ferramentas de busca, ao invés de buscar as informações em enciclopédias, e a rapidez da comunicação. Todavia, essas facilidades requerem os dados de cada usuário, como uma troca pelos serviços prestados.

Por meio desses dados, as empresas consolidadas no meio digital, a exemplo do Facebook, geram um algoritmo para cada usuário, através dos gostos ou convicções políticas. Esse algoritmo, muitas vezes literal, recomenda notícias e publicações que podem ser falsas e sua circulação para outras redes sociais podem manipular os remetentes. Um exemplo disso é a eleição presidencial americana que foi decidida por ""fake news"" dos candidos, para beneficiá-los ou o contrário.

Além disso, esses dados são uma fonte de informação de 64,7% da população brasileira, segundo o IBGE. Dessa forma, seguindo o conceito de Manuel Castells, de que a informação é poder, essas empresas possuem a facilidade e a possibilidade de impor o comportamento dos usuários, e até de um país, através de seu poder de manipulação com esses dados.

Diante do proposto, fica evidente a necessidade do poder público criar uma instituição que localize e denuncie informações falsas por meio de equipes especializadas, que vão ler todas as notícias compartilhadas, a fim de diminuir a facilidade de manipulação dos usuários, através do uso de seus dados.","[160, 160, 120, 160, 160]",760.0,160,200,160,160,160,840
2018,"Segundo o sociólogo Henry Jenkins, com o advento da internet, as mídias virtuais tornaram-se  capazes de ditar tendências , fenômeno conhecido como determinismo midiático. Isso se prova como um problema no Brasil,  devido ao fato de que o controle dos conteúdos exibidos é feito, em grande parte, por empresas  que beneficiam seus interesses, difundindo noticias falsas ou exibindo  um único viés sobre uma situação. Assim esse panorama querer uma atuação mais empenhada do poder público e das instituições formadoras de opinião para impedir a  monopólio da informação nas redes sociais.

Nesse contexto, vale resaltar,  que  o Código Penal criminaliza a difamação de individuos. No entanto, são comuns os casos de disseminação de boatos na internet, os quais são capazes de constuir uma pós-verdade, que, de acordo com o dicionário de Oxford é baseado nas emoções, divergindo dos fatos. A titulo de ilustração, tem-se como exemplo dessa realidade o compatilhamento de "" fake news"" nas redes sociais, durante as eleições presidenciais brasileiras de 2018, que prejudicaram a honestidade das campanhas. Dessa forma, o Estado deve informar a população sobre a necessidade de checar a veracidade das informações.

Outrossim, são escassos  os debates escolares ou familiares sobre o bom uso da rede mundial de computadores para adquirir conhecimento sobre os fatos, situação que viabiliza a alienação do indivoduo aos grandes veículos comunicativos ""on line"".Tendo isso em vista, vale destacar que, para o filósofo Platão, a educação direciona o futuro das pessoas, fato que torna necessário ensinar aos cidadãos sobre a importância do senso crítico a fim de evitar a manipulação do povo. 

À luz dessas considerações, urge que o governo alerte a população acerca dos perigos das ""fake news"" compartilhadas virtualmente mediante informes educativos que abordem a necessidade de checar se uma noticia é falsa, com o fito de impedir a formação da pós verdade. Ademais, faz-se mister que escolas e familias esclareçam sobre a necessidade da criticidade ao ler textos da internet, por meio de, respectivamente, palestras e diálogos, para que as pessoas não se tornem submissas a um único ponto de vista promovido nas redes sociais. Assim, o determinismo midiático não será mais um problema.","[160, 40, 40, 200, 40]",480.0,160,200,160,200,200,920
2023,"No ano de 1943, a sociedade brasileira conheceu um documento que assegura para os cidadãos o direito ao trabalho digno e bem remunerado: a Consolidação das Leis Trabalhistas (CLT). Entretanto, na realidade,  mesmo após 70 anos de vigência, as prerrogativas não são totalmente efetivadas, principalmente, no  que tange o trabalho de cuidado realizado pela população feminina no Brasil. Nessa perspectiva, é imprescindível analisar a  omissão estatal, tal qual a cultura escravalhista atual como fatores que contribuem para o revés, sendo necessário medidas que objetivas sua solução. 

Diante desse cenário, é evidente que o Estado é ineficiente para fornecer aparatos que valorizam a profissão de cuidadora. Sob essa ótica, o célebre autor Gilberto Dimenstein afirma, em seu livro ""Cidadão de Papel"", que as leis vigentes no Brasil não são praticadas, isto é, essas permanecem no papel o que ocasiona o abadono de certos grupos. Tal quadro é observado na norma que foi aprovada na década de 2010, a qual assegurava a regulamentação das profissionais de cuidado, porém observa-se a mantutenção de relações laborais exploratórias nesse meio devido ao descaso governamental. Desse modo, entende-se a necessidade de corrigir tal falha.

Ademais, é importante a análise do panorama histórico do país. De acordo com o livro ""Raízes do Brasil, do renomado historiador Sérgio Buarque de Holanda, o processo de submissão de mulheres, principalmente negras, ao trabalho doméstico e ao de cuidado é decorrente do período de escravidão, haja vista que naquele momento o grupo feminino era forçado a função de cuidar das crianças e idosos da casa grande, lugar onde vivia o proprietário. Dessa maneira, essa atividade, como reflexo do passado, é recebida com preconceito.

Portanto, é mister que ações sejam tomadas para a diminuição das consequências da problemática. Para isso, cabe ao Ministério do Trabalho- devido a sua responsabilidade com a segurança laboral populacional- criar campanhas de conscientização sobre a denuncia de abusos contra as cuidadoras, por meio de veículos de comunicação,  tais como  a rádio, a televisão e a internet, a fim de reduzir a exploração à esse grupo. Tal medida em conjunto com a realização de palestras que tragam visibilidade para as profissionais de cuidado, de forma que rompa com o pensamento preconceituoso, garantirão uma sociedade mais justa. Somente assim, a CLT poderá ser respeitada.","[160, 200, 160, 180, 200]",900.0,160,200,160,200,200,920
2023,"Na grande e esmagadora maioria dos casos onde mulheres trabalham, encontra-se sim, uma desigualdade, sendo inadmissível, sabendo que vivemos em uma sociedade que preza pela igualdade de gênero e direitos iguais. È evidente isto ao mostrar a diferença entre os gêneros sobre as horas de trabalho, e, o salário injusto das trabalhadoras.

No Brasil, o trabalho é um serviço fundamental, sendo ele com a intenção de ser remunerado ou não remunerado, e, não por isso deve haver uma diferença quanto ao horário gasto por gênero sexual. O que  mostra uma injustiça quando  pesquisa feita pelo IBGE aponta que as mulheres trabalham 10,6 horas mensais a mais que os homens.

Outra injustiça é encontrada,  quanto as trabalhadoras referente ao cuidado de crianças, idosos ou de portadores de deficiências ou doenças físicas ou mentais, pois, dados do documento informativo ""Tempo de Cuidar"" mostram que dois terços de cuidadores são mulheres que são remuneradas e mais de três quartos de cuidadores são mulheres  não remuneradas.

Contudo, é possível concluir que é necessário que as mulheres sejam pagas corretamente por trabalhos de cuidado, sabendo disso, cabe ao ministério do trabalho divulgar  mais esses infelizes casos,  para que possamos viver em um país mais informado.","[120, 120, 140, 160, 120]",660.0,160,200,160,200,200,920
2022,"A Comissão Mundial pelo Meio Ambiente e o Desenvolvimento, organizada pela Organização das Nações Unidas, define como sustentável toda a atividade que vise ao atendimento  das necessidades  humanas atuais sem que, para isso, comprometa o futuro dos próximas  gerações.Em vista disso, no atual cenário nacional, a valorização e a sobrevivência das populações tradicionais depende diretamente da adoção de medidas sustentáveis para que o seus laços culturais em relação à natureza sejam conservados. Toda via, a desinformação da sociedade quanto a contribuição socio cultural dessas comunidades, assim como  as ameaças geradas pelos desmandos modernos surgem como desafios para a sua efetivação.
Em primeiro lugar, a consciência coletiva da formação nacional é imprescindível para a adoção de uma postura valorativa quanto aos povos originarios brasileiros. Nesse sentido, o músico jamaicano Bob Marley afirmou que um povo que não conhece sua identidade cultural é como uma árvore sem raízes. Dessa forma, o desconhecimento étnico-cultural da formação da sociedade brasileira surge como um fator significante para a ineficácia de políticas  sociais que elevam os povos tradicionais ao sentimento de pertencimento e unidade nacional, na medida em que não é possivel valorizar aquilo que não está presente no saber coletivo.

Por conseguinte, o fenômeno da globalização, decorrente da Modernidade, inauguram novas relações produtivas e financeiras, por parte de agentes econômicos internacionais, nas quais o sistema produtivo extrapolou fronteiras nacionais e passou a operar  em territórios, muitas vezes habitados por comunidades tradicionais, sem dar valor nem respeitar os costumes e a cultura desses povos. Diante disso, existe uma violência simbólica que, segundo o sociólogo Pierre Bourdieu, é  a responsável pela imposição de uma ordem dominante sobre as populações vulneráveis, desconsiderando, desse modo, a sua construção identitária.

Portanto, medidas são necessárias para promover a valorização dos povos tradicionais brasileiros. Para isso, é dever do Ministério da Educação e da Cultura -responsável por políticas educacionais -  realizar campanhas publicitárias em redes sociais e mídiáticas que permitam o acesso da população a conteúdos que conscientizem acerca do importante papel desempenhado pelas comunidades tradicionais  na formação sóciocultural brasileira, a fim de assegurar a valorização desses grupos. Somente assim, a relação com  os povos tradicionais será, enfim, sustentável.","[180, 200, 200, 200, 180]",960.0,160,200,160,200,200,920
2023,"Desde os primórdios, a mulher sempre exerceu o papel de cuidado, seja no reparo do lar ou da família.  Contudo, no cenáro da Segunda Guerra Mundial, devido ao elevado índice de óbito masculino, o sexo feminino começou a ser integrado na sociedade para preencher  os espaços deixados pelos homens, tanto no trabalho quanto nas próprias guerras. Na contemporaneidade, as mulheres têm  ganhado um destaque cada vez maior,porèm,ainda são  as principais responsáveis pela trabalho de cuidado no Brasil, o que permanece sendo um desafio ao combate da  invisibilidade da mulher por conta do preconceito e do condicionamento sofrido por elas.

Sob tal ótica, vale ressaltar que, segundo o filósofo francês Voltaire, ""preconceito  é opinião sem conhecimento"". Nesse sentido,o preconceito vivenciado pelas mulheres se trata, a cima de tudo, de opiniões equívocadas que os outros individuos possuem em relação ao gênero feminino. No contexto atual, a  mulher se mantém fixa nos afarezes domésticos, dedicando muito do seu tempo para tarefas de casa, cuidar dos filhos e, eventualmente, de outro familiar, enquanto o homem tende  a passar o dia no trabalho.Essa rotina tem sido pautada fortemente na disseminação decorrente do preconceito sobre a mulher, a qual se vê desde   pequena sendo ensinada sobre as coisas do lar,  estando visível para a sociedade, apenas dessa maneira. 
Dessa modo, o trabalho de cuidado é muito importante para a sociedade e não deveria se direcionado somente para o sexo feminino. Conforme dito por Simone de Beauvoir, ""o ser mulher"" foi  esiado  para condicionar as mulheres às atividades que a sociedade considera   apta para elas - ou seja,   é aquele que decide"", as mulheres são criticadas que a sociedade considera pensando no histórico das tarefas femininas, cuidar da casa-mesmo havendo transformações que possibilitaram o seu destaque em outros campos, como no mercado de trabalho. Todavia, esse comportamento condicionado está  mudando, tendo em vista que os espaços antes ocupados  por homens estão  recebendo as mulheres. Por isso, é preciso mudar a visão de que as atividades do lar são para meninas,  porque esse é um papel que os homens também devem se exercer.

Portanto, imfere-se que a sociedade deve comerçar a repensar sobre o papel  da mulher e em como o homem pode contribuir com o trabalho de cuidado. Para isso, cabe as pais dessa geração educar os seus filhos,tanto meninas quanto meninos, acerca da função deles  em seus lares, por meio de conversas que propiciem  um conhecimento livre de preconceitos, para educá-los  sobre a importância de fazer    a sua parte e não  deixar tudo para a mulher.  Ademais, as escolas podem contribuir  com dinâmicas e rodas de conversas que    estimulem o pensamento das crianças e   jovens para saberem  compartilhar as tarefas   de casa. Assim,  será possive minimizar a invisibilidade da mulher nesse trabalho.","[180, 200, 180, 180, 200]",940.0,160,200,160,200,200,920
2018,"Informação condicionada.

O desenvolvimento tecnológico no Brasil atingiu um ponto onde, as pessoas em sua mais tenra  idade possuem acesso ao mundo virtual e entram em contato com sua vasta biblioteca de conteúdo disponíveis na internet. Porém, o contato com essas informações levantam questões sobre até que ponto os dados  são manipuladas e os impactos causados. 

O acesso de dados na internet permite  grande liberdade ao usuário, pois o mesmo não é impedido de procurar o que deseja, entretando,  a partir do momento em que essa pesoa começra a pesquisar se inicia um processo que passa por a sociedade, entram em cena matemáticos e estatísticos, responsáv algorítimos, que são sequências de comandos baseados em modelos matemáticos e estatísticos, responsáveis por executar determinada ação,onde eles analisam o tipo de conteúdo que é consumido frequentemente.

A partir dessa análise, a I.A. (inteligência artificial) responsável por entregar as informações irá se  basear nos resultados que ela sempre apresentar dados que se enquadrem no ""perfil"" do usuário. Tal processo acaba por privar o mesmo de informações distintas, de modo que o mesmo fique cada vez mais preso a uma esfera de ideias fechadas. A reprodução do discurso legítimos também se origina nesse ponto, pois a pessoa não busca saber a veracidade das informações que recebeu.

Em vista disso, o Ministério da educação e o Ministério da Cultura devem se unir para levar as pessoas a consciêntização   de buscas sempre além, por meio de palestras, cartazes ou vídeos disponibilizados na própria internet com o objetivo de fomentar a rede de conhecimento da população.","[140, 140, 160, 160, 160]",760.0,160,200,160,160,160,840
2018,"Totalitarismo Cibernético

Análise, Parcialidade, Manipulação. Tal gradação se mostra muito coerente a situação atual dos algoritmos, que, devido ao consumo repetitivo e sem diversidade dos usuários, consegue achar certos padrões   individuais que acarretam mudanças dessas  para uma zona cada vez mais confortável e cega,  manipulando-os.

Cerca de 85% dos jovens de 18 a 24 anos e, 65% das crianças com mais de 10 anos já utilizavam a internet. Esse dado, segundo o IBGE 2016, só  reforça a promessa que a internet já é uma  fonte de criação de opiniões de uma parcela significamente grande da população brasileira e isso pode se usado incorretamente uma vez que os jovens estão sendo criados consumindo uma só visão sendo ela, muitas vezes, apenas levemente moldado diferentemente                                                                              Nota-se que a internet como meio de entretenimento, desde notícias até redes comunicação, não são imparciais ou seja, sempre têm uma tese, muitas vezes implícita, perante o assunto e uma vez que os usuários só entram em contato com apenas uma face dos fatos, esses estão sendo doutrinados a acreditar que só existe aquele ponto  de vista possível.

Nesses casos, o uso de algoritmos inteligentes pode até ser caracterizado por consumo, sendo um verdadeiro totalitarismo que faz o governo ter que garantir disseminação de diversos meios possíveis de ver o mundo pela própria internet e,  nas escolas, estimular o debate para aflorar tanto o sendo  crítico dos jovens quanto a ideia de diferentes pontos de vista, assim, garantindo a liberdade das decisões..","[120, 120, 120, 120, 120]",600.0,160,200,160,160,160,840
2018,"O mundo está globalizado, e o acesso à internet é abundante à grande parte da população mundial. A internet facilita a captura de informações do usuário e também é fonte de entretenimento. Nesse universo digital, o usuário é exposto a conteúdos selecionados por algoritmos com base nos seus interesses.
 De primeira vista, a seleção de conteúdos por um algoritmo parece ótima, já que satisfageria a pessoa apenas com conteúdos que ela gosta. Entretanto, essa seleção  de dados  indisponibiliza conteúdos  que possam  contrastar com seus interesses, e  o  ajuda a abrir sua mente,o fazendo debates consigo mesmo sobre suas opiniões,agregando conhecimento a pessoa.                    Desta forma, a pessoa fica limitada ao seu mundo,dificultando o apredizando de diversos pontos de vista diferentes, abrindo  as portas para a ignorância. Além do fato de que o algorítmo opode ocultar até mesmo coisas que a pessoa gosta.
Muitas redes sociais expõem abas para serem vizualizadas de acordo com a relevância. Muitas vezes, a rede social escolhe mostrar anúncios ao usuário por esse meio, além de poder filtrar informações políticas com apenas um ponto de vista, com o objetivo de influenciar e convencer o leitor.

Esses algoritmos caracterizam uma ditadura que reprime a liberdade de escolha, já que não mostram todas as opções para o usuário. Todos os países deveriam realizar sanções contra os algoritmos, exigindo para as empresas que utilizam o conteúdo dos algoritmos. Assim, ele seria analisado e verificado se o algoritmo pode influenciar a política, para caso isso ser confirmado, obrigar as empresas a corrigir isso.","[120, 120, 120, 120, 160]",640.0,160,200,160,160,160,840
2022,"As comunidades e povos tradicionais no Brasil não são valorizados como deveriam, sendo, muitas vezes considerados inferiores aos demais em um falso lema  de progresso, oriundo de preconceitos sociais e visões equivocadas de mundo. Por isso, esse é um problema que deve ser resolvido.

O darwinismo social, ideologia criada pelos governos durante o neocolonialismo para justificá-lo resultou em um evolucionismo eurocêntrico,ou seja , o europeu como superior  e ajudando os com menor capacidade. Embora esse pensamento seja falso,  ele persiste até os dias atuais em nossa sociedade, fazendo com que os saberes tradicionais fossem menosprezados.

Além do mais, de acordo com o IBGE, é estimado existirem 274 línguas indígenas faladas no Brasil atualmente, e antes dos colinizadores  totalizam mais de mil. Isto revela a morte da maior parte das culturas dos índios e de seus conhecimentos, o que constitui uma perda irreparável para a humanidade.

Portanto, para resolver o problema relacionado ao desprezo dos povos e comunidades tradicionais, o governo deve, por meio de verbas públicas, criar campanhas de conscientização sobre conhecimentos culturais ancestrais, como, por exemplo, ONGs que divulguem técnicas pesqueiras dessas comunidades, que podem nos ajudar no dia a dia.","[120, 160, 120, 120, 120]",640.0,160,200,160,200,200,920
2023,"No Brasil, é recorrente o preconceito em relação aos trabalhos de cuidado, que são os ofícios de tomar conta de pessoas e os relacionados às tarefas domésticas diárias. Por isso, geralmente, são executados por grupos marginalizados, destacando-se mulheres e meninas em situaçãp de pobreza. Alem disso,  uma vez que a maior parte desses trabalhores não são remunerados,tornam-se invisiveis para o governo e para  a sociedade. Logo, é necessário discutir essas problemáticas a fim de mitigá-las.

Conforme o IBGE, as mulheres dedicam aproximadamente  duas vezes mais tempo às tarefas de cuidado em relação aos homens. Isso revela uma construção social marcada pelo machismo e pela persistência da exclusão de gênero, o que leva à manutenção da jornada dupla feminina: trabalhar e cuidar da casa. Dessa permanência, verifica-se ainda a desconsideração do trabalho doméstico como profissão, não compreendendo-o como tarefa que exige tanto como qualquer outra.

Ademais, conforme o jornal G1, da Globo, houve, recentemente, inúmeras denúncias de trabalho análogo à escravidão dentre elas  de várias empregadas domésticas. Disso mostra-se tanto a invisibilidade quanto o descaso propiciado aos menos favorecidos, os quais acabam excluídos da sociedade por não possuírem empregos formais. Para além das discriminações citadas, também há o aumento da demanda de serviços de assistência à idosos e crianças, os quais são vitimas de  um preconceito correlacionados a idade, reproduzido  por diferentes seguimentos  sociais, tornando-os participantes de uma relação mutuamente indetectável com seus cuidadores.

Portanto, para tornar o trabalho de cuidado feminino visivel  no Brasil, o Ministério do Trabalho deve, por meio de verbas públicas, criar programas de conscientização acerca desta modalidade de tarefas. Por exemplo, realizar palestras públicas ressaltando a importância e as dificuldades neste ramo. Além disso, o Ministério da Justiça deve criar mecanismos de busca ativa dos que sofrem violência e abuso no exercício profissional.","[160, 200, 180, 200, 160]",900.0,160,200,160,200,200,920
